assumed_stay,assumed_beta,mean_uplift,uplift_std,uplift_ci_low,uplift_ci_high,brier_score,log_loss,map_accuracy
0.7,0.0,0.0,0.0,0.0,0.0,0.25,0.6931471805599454,0.3390625
0.7,0.05,1.5819833224759354,5.618358673544324,0.3508061947059109,2.81316045024596,0.2497595394681314,0.6926662567718352,0.3390625
0.7,0.1,1.7688770706181216,7.41975525927239,0.14295151127594696,3.3948026299602962,0.24907723387102165,0.6913014848781973,0.3390625
0.7,0.15,2.6643134371482637,8.479137739693678,0.8062404562474437,4.522386418049084,0.24806549788013932,0.6892765154269884,0.3390625
0.7,0.2,4.278679628273305,9.212176015780596,2.2599725526594034,6.297386703887206,0.24689310912343765,0.6869255249893611,0.3390625
0.7,0.3,5.862568026402023,10.520410726481348,3.5571813799102596,8.167954672893787,0.24484219022414777,0.682779158042832,0.3396375
0.7,0.4,5.855749224497235,10.82145690495539,3.4843929255008916,8.227105523493579,0.24429700953902964,0.681627219300166,0.381475
0.8,0.0,0.0,0.0,0.0,0.0,0.25,0.6931471805599454,0.3390625
0.8,0.05,1.6898048192582906,6.411704537020922,0.2847781140088761,3.094831524507705,0.24950741623767075,0.6921619918206044,0.3390625
0.8,0.1,3.7770263060885596,9.979423341740771,1.5901887471872729,5.963863864989847,0.24819106468244795,0.6895281722127209,0.3390625
0.8,0.15,6.139499578354477,10.27379071294756,3.8881559251203135,8.39084323158864,0.24645590668157658,0.6860492783242075,0.33915
0.8,0.2,7.050874743494253,10.634696190663796,4.720444190460787,9.381305296527719,0.24477195370844335,0.6826541502935577,0.3716875
0.8,0.3,8.596103242107295,10.634479288102346,6.265720219943274,10.926486264271317,0.2429715958306252,0.6789566784023683,0.42026250000000004
0.8,0.4,8.475319244928192,11.501787794196966,5.954878866609218,10.995759623247167,0.2443665163993428,0.681928460372115,0.43235
0.86,0.0,0.0,0.0,0.0,0.0,0.25,0.6931471805599454,0.3390625
0.86,0.05,3.0832473672582497,9.435204522121555,1.0156670153366827,5.150827719179817,0.249175696761945,0.6914984780774567,0.3390625
0.86,0.1,6.422681350929277,11.382512988270516,3.9283782168676566,8.916984484990897,0.2471572118277363,0.6874573182857364,0.3577375
0.86,0.15,7.256105838404634,11.981705275331862,4.630498905167666,9.881712771641602,0.244859053631561,0.6828360409442107,0.4230875
0.86,0.2,9.084489578144137,12.670975871358335,6.307839565961684,11.861139590326589,0.24304162368541457,0.6791428604539054,0.46042500000000003
0.86,0.3,11.501544063080775,12.617710954240156,8.736566240496552,14.266521885664998,0.24231466460703652,0.6776390753276351,0.4753375
0.86,0.4,10.466205115785204,12.71329875775123,7.680280692206857,13.252129539363551,0.24578313499151622,0.685491297246665,0.46255000000000007
0.9,0.0,0.0,0.0,0.0,0.0,0.25,0.6931471805599454,0.3390625
0.9,0.05,4.811237865517283,9.687579832676962,2.688353335271754,6.934122395762811,0.24877864128983235,0.6907041480265865,0.36163750000000006
0.9,0.1,6.77215657807061,12.59839741671242,4.011411021000592,9.532902135140628,0.24610299743599567,0.6853420762133368,0.49210000000000004
0.9,0.15,9.514243213878157,13.275513484912436,6.605118056207182,12.423368371549131,0.24350351110321214,0.6800939921625652,0.5296875
0.9,0.2,10.401326647693283,13.802661803591207,7.376685021492844,13.425968273893723,0.2418811898246286,0.6767666031945844,0.5359624999999999
0.9,0.3,11.42660984222393,14.180023950751126,8.319275089531375,14.533944594916486,0.24262035146137442,0.6784094404461242,0.52245
0.9,0.4,11.622132759197829,14.021546062188385,8.549526005017452,14.694739513378206,0.2479092214528471,0.6910903231329877,0.48497500000000004
0.94,0.0,0.0,0.0,0.0,0.0,0.25,0.6931471805599454,0.3390625
0.94,0.05,6.85390445890488,12.15551081319067,4.1902107079111275,9.517598209898633,0.24811405876177242,0.6893740462300244,0.5476375
0.94,0.1,11.531982916394902,14.390180020163255,8.378595684507559,14.685370148282246,0.2447229584322045,0.6825635412223899,0.5614750000000001
0.94,0.15,12.640689269795525,15.350884270566842,9.276778436910991,16.004600102680058,0.24215716070816146,0.6773453657517097,0.5710625
0.94,0.2,14.621152277519553,15.275130884426641,11.273841637286676,17.96846291775243,0.24125192267617795,0.6754641015457986,0.575225
0.94,0.3,15.244556886299645,15.485344638604214,11.851181126140412,18.637932646458875,0.2445176123041864,0.6828699974297356,0.5626
0.94,0.4,12.548505575531745,14.594828802561214,9.350272701926869,15.746738449136622,0.25197518850046496,0.7024210485421649,0.5186
0.97,0.0,-2.2737367544323207e-14,1.45724974177956e-13,-5.46707604758917e-14,9.196025387245284e-15,0.25,0.6931471805599454,0.31734999999999997
0.97,0.05,10.661196091889739,16.46941479880104,7.052176449993245,14.270215733786234,0.24737914082741477,0.6879014565462201,0.519625
0.97,0.1,14.860910970867689,18.67044470606645,10.769569384641954,18.952252557093423,0.24373036936929643,0.6805483780651079,0.5317999999999999
0.97,0.15,16.846043525311195,19.665084535453378,12.53674187646494,21.15534517415745,0.241819735219,0.6766276198278858,0.5409499999999999
0.97,0.2,18.169114033691216,18.79619238194405,14.050216773040539,22.288011294341892,0.24224433112959276,0.6775598775008411,0.5469875
0.97,0.3,17.52171853604849,17.73891319380124,13.634507792714357,21.408929279382622,0.2489948356652425,0.6935986629238874,0.5706374999999999
0.97,0.4,13.563985521219745,15.926147109032705,10.074014660784776,17.053956381654714,0.2583038788438089,0.7211470768187896,0.5442
0.99,0.0,-7.815970093361103e-15,1.7531841096218995e-13,-4.6234310785993796e-14,3.0602370599271597e-14,0.25,0.6931471805599454,0.34358750000000005
0.99,0.05,13.406754455277332,22.984243464524354,8.370110037065324,18.44339887348934,0.24691468077115375,0.686967651427552,0.4922625
0.99,0.1,16.54637079116285,25.10278934949849,11.045479536949887,22.047262045375813,0.24371050894711868,0.6804845727506875,0.5142375
0.99,0.15,18.95102769527191,25.422631317505417,13.380047979571911,24.52200741097191,0.24317939275667574,0.6794041991671731,0.5287625
0.99,0.2,19.692688995369945,25.404621743682704,14.125655801538656,25.259722189201234,0.24604168618260772,0.6857392824678705,0.5400875
0.99,0.3,22.247341712613213,23.417694569665386,17.115713133071466,27.37897029215496,0.26355713497684163,0.7299846412455144,0.5468
0.99,0.4,20.599094762748127,20.946706782334026,16.008945256282757,25.189244269213496,0.2899802925396518,0.82149462311089,0.5390499999999999
